{"RuleTriggered": 0, "Violations": 116, "Details": {"low_gpu_utilization": 10253, "bottlenecks": {"1693226488.507768": {"GPUs": 1, "CPUs": 4}, "1693226489.007802": {"GPUs": 1, "CPUs": 4}, "1693226491.007798": {"GPUs": 1, "CPUs": 3}, "1693226491.507783": {"GPUs": 1, "CPUs": 1}, "1693226492.507782": {"GPUs": 1, "CPUs": 3}, "1693226493.009979": {"GPUs": 1, "CPUs": 1}, "1693226493.507804": {"GPUs": 1, "CPUs": 1}, "1693226494.007766": {"GPUs": 1, "CPUs": 4}, "1693226494.507801": {"GPUs": 1, "CPUs": 1}, "1693226495.008591": {"GPUs": 1, "CPUs": 4}, "1693226495.510004": {"GPUs": 1, "CPUs": 2}, "1693226496.007809": {"GPUs": 1, "CPUs": 2}, "1693226496.507771": {"GPUs": 1, "CPUs": 2}, "1693226497.007805": {"GPUs": 1, "CPUs": 4}, "1693226497.507824": {"GPUs": 1, "CPUs": 3}, "1693226498.507808": {"GPUs": 1, "CPUs": 3}, "1693226499.007776": {"GPUs": 1, "CPUs": 3}, "1693226499.507819": {"GPUs": 1, "CPUs": 4}, "1693226500.007836": {"GPUs": 1, "CPUs": 4}, "1693226501.007784": {"GPUs": 1, "CPUs": 3}, "1693226501.507803": {"GPUs": 1, "CPUs": 4}, "1693226502.007777": {"GPUs": 1, "CPUs": 4}, "1693226503.00782": {"GPUs": 1, "CPUs": 1}, "1693226503.507762": {"GPUs": 1, "CPUs": 1}, "1693226521.507812": {"GPUs": 1, "CPUs": 1}, "1693226524.507796": {"GPUs": 1, "CPUs": 1}, "1693226525.008558": {"GPUs": 1, "CPUs": 3}, "1693226525.507856": {"GPUs": 1, "CPUs": 1}, "1693226526.007805": {"GPUs": 1, "CPUs": 1}, "1693226526.507801": {"GPUs": 1, "CPUs": 1}, "1693226527.007774": {"GPUs": 1, "CPUs": 1}, "1693226528.007798": {"GPUs": 1, "CPUs": 2}, "1693226528.507793": {"GPUs": 1, "CPUs": 1}, "1693226529.007782": {"GPUs": 1, "CPUs": 1}, "1693226529.508369": {"GPUs": 1, "CPUs": 1}, "1693226530.007805": {"GPUs": 1, "CPUs": 2}, "1693226530.507798": {"GPUs": 1, "CPUs": 1}, "1693226532.007773": {"GPUs": 1, "CPUs": 1}, "1693226533.008398": {"GPUs": 1, "CPUs": 1}, "1693226533.507783": {"GPUs": 1, "CPUs": 1}, "1693226534.007776": {"GPUs": 1, "CPUs": 2}, "1693226535.007746": {"GPUs": 1, "CPUs": 1}, "1693226535.507767": {"GPUs": 1, "CPUs": 1}, "1693226537.509561": {"GPUs": 1, "CPUs": 1}, "1693226539.007772": {"GPUs": 1, "CPUs": 2}, "1693226539.507826": {"GPUs": 1, "CPUs": 1}, "1693226540.007775": {"GPUs": 1, "CPUs": 2}, "1693226540.507821": {"GPUs": 1, "CPUs": 1}, "1693226541.007778": {"GPUs": 1, "CPUs": 1}, "1693226541.507802": {"GPUs": 1, "CPUs": 1}, "1693226542.007772": {"GPUs": 1, "CPUs": 1}, "1693226542.507776": {"GPUs": 1, "CPUs": 1}, "1693226543.00778": {"GPUs": 1, "CPUs": 2}, "1693226543.507841": {"GPUs": 1, "CPUs": 1}, "1693226544.007775": {"GPUs": 1, "CPUs": 1}, "1693226544.507781": {"GPUs": 1, "CPUs": 2}, "1693226545.007803": {"GPUs": 1, "CPUs": 2}, "1693226546.007765": {"GPUs": 1, "CPUs": 2}, "1693226546.507782": {"GPUs": 1, "CPUs": 1}, "1693226547.508018": {"GPUs": 1, "CPUs": 1}, "1693226548.007778": {"GPUs": 1, "CPUs": 1}, "1693226549.007792": {"GPUs": 1, "CPUs": 1}, "1693226549.507776": {"GPUs": 1, "CPUs": 1}, "1693226634.507789": {"GPUs": 1, "CPUs": 1}, "1693226693.007802": {"GPUs": 1, "CPUs": 1}, "1693226706.5078": {"GPUs": 1, "CPUs": 1}, "1693226707.007821": {"GPUs": 1, "CPUs": 1}, "1693226710.507803": {"GPUs": 1, "CPUs": 1}, "1693226715.007778": {"GPUs": 1, "CPUs": 1}, "1693226718.007795": {"GPUs": 1, "CPUs": 1}, "1693226722.507776": {"GPUs": 1, "CPUs": 1}, "1693226726.007779": {"GPUs": 1, "CPUs": 1}, "1693226763.507773": {"GPUs": 1, "CPUs": 1}, "1693226767.007791": {"GPUs": 1, "CPUs": 1}, "1693226816.007797": {"GPUs": 1, "CPUs": 1}, "1693226817.007804": {"GPUs": 1, "CPUs": 1}, "1693226817.507797": {"GPUs": 1, "CPUs": 1}, "1693226818.007828": {"GPUs": 1, "CPUs": 1}, "1693226848.507776": {"GPUs": 1, "CPUs": 1}, "1693226849.007784": {"GPUs": 1, "CPUs": 1}, "1693226849.507819": {"GPUs": 1, "CPUs": 1}, "1693226851.507776": {"GPUs": 1, "CPUs": 1}, "1693226852.007816": {"GPUs": 1, "CPUs": 1}, "1693226853.507793": {"GPUs": 1, "CPUs": 1}, "1693226855.007783": {"GPUs": 1, "CPUs": 1}, "1693226855.507807": {"GPUs": 1, "CPUs": 1}, "1693226879.507799": {"GPUs": 1, "CPUs": 1}, "1693226884.507783": {"GPUs": 1, "CPUs": 1}, "1693226888.507796": {"GPUs": 1, "CPUs": 1}, "1693226889.007807": {"GPUs": 1, "CPUs": 1}, "1693226920.007771": {"GPUs": 1, "CPUs": 1}, "1693226922.00783": {"GPUs": 1, "CPUs": 2}, "1693226922.507782": {"GPUs": 1, "CPUs": 1}, "1693226923.507797": {"GPUs": 1, "CPUs": 1}, "1693226924.007806": {"GPUs": 1, "CPUs": 2}, "1693226924.507803": {"GPUs": 1, "CPUs": 1}, "1693226953.007797": {"GPUs": 1, "CPUs": 1}, "1693228056.507806": {"GPUs": 1, "CPUs": 1}, "1693228057.007778": {"GPUs": 1, "CPUs": 1}, "1693228058.507787": {"GPUs": 1, "CPUs": 1}, "1693228059.007787": {"GPUs": 1, "CPUs": 1}, "1693229188.007785": {"GPUs": 1, "CPUs": 1}, "1693229190.007792": {"GPUs": 1, "CPUs": 1}, "1693229191.50779": {"GPUs": 1, "CPUs": 1}, "1693230325.007809": {"GPUs": 1, "CPUs": 1}, "1693230325.507807": {"GPUs": 1, "CPUs": 1}, "1693230327.007783": {"GPUs": 1, "CPUs": 1}, "1693231429.007784": {"GPUs": 1, "CPUs": 1}, "1693231429.507816": {"GPUs": 1, "CPUs": 1}, "1693231431.007783": {"GPUs": 1, "CPUs": 1}, "1693231433.007779": {"GPUs": 1, "CPUs": 1}, "1693232574.007782": {"GPUs": 1, "CPUs": 1}, "1693232574.507788": {"GPUs": 1, "CPUs": 1}, "1693232575.007782": {"GPUs": 1, "CPUs": 1}, "1693232576.007802": {"GPUs": 1, "CPUs": 1}, "1693232576.507782": {"GPUs": 1, "CPUs": 1}}}, "Datapoints": 14496, "RuleParameters": "threshold:50\nio_threshold:50\ngpu_threshold:10\npatience:1000"}